{
    "identityPoolName": "rnamplify907e7467_identitypool_907e7467",
    "allowUnauthenticatedIdentities": false,
    "resourceNameTruncated": "rnampl907e7467",
    "userPoolName": "rnamplify907e7467_userpool_907e7467",
    "autoVerifiedAttributes": [
        "email"
    ],
    "mfaConfiguration": "OFF",
    "mfaTypes": [
        "SMS Text Message"
    ],
    "smsAuthenticationMessage": "Your authentication code is {####}",
    "smsVerificationMessage": "Your verification code is {####}",
    "emailVerificationSubject": "Your verification code",
    "emailVerificationMessage": "Your verification code is {####}",
    "defaultPasswordPolicy": true,
    "passwordPolicyMinLength": 8,
    "passwordPolicyCharacters": [
        "Requires Lowercase",
        "Requires Uppercase",
        "Requires Numbers",
        "Requires Symbols"
    ],
    "requiredAttributes": [
        "email"
    ],
    "userpoolClientGenerateSecret": true,
    "userpoolClientRefreshTokenValidity": 30,
    "userpoolClientWriteAttributes": [
        "email"
    ],
    "userpoolClientReadAttributes": [
        "email"
    ],
    "userpoolClientLambdaRole": "rnampl907e7467_userpoolclient_lambda_role",
    "userpoolClientSetAttributes": false,
    "sharedId": "907e7467",
    "resourceName": "rnamplify907e7467",
    "authSelections": "identityPoolAndUserPool",
    "authRoleArn": {
        "Fn::GetAtt": [
            "AuthRole",
            "Arn"
        ]
    },
    "unauthRoleArn": {
        "Fn::GetAtt": [
            "UnauthRole",
            "Arn"
        ]
    },
    "useDefault": "manual",
    "userPoolGroupList": [],
    "dependsOn": [
        {
            "category": "function",
            "resourceName": "rnamplify907e7467PostConfirmation",
            "triggerProvider": "Cognito",
            "attributes": [
                "Arn",
                "Name"
            ]
        }
    ],
    "thirdPartyAuth": false,
    "userPoolGroups": false,
    "adminQueries": false,
    "triggers": "{\"PostConfirmation\":[\"add-to-group\"]}",
    "hostedUI": false,
    "parentStack": {
        "Ref": "AWS::StackId"
    },
    "permissions": [
        "{\"policyName\":\"AddToGroupCognito\",\"trigger\":\"PostConfirmation\",\"effect\":\"Allow\",\"actions\":[\"cognito-idp:AdminAddUserToGroup\",\"cognito-idp:GetGroup\",\"cognito-idp:CreateGroup\"],\"resource\":{\"paramType\":\"!GetAtt\",\"keys\":[\"UserPool\",\"Arn\"]}}"
    ]
}