{
    "auth": {
        "rnamplify907e7467": {
            "service": "Cognito",
            "providerPlugin": "awscloudformation",
            "dependsOn": [
                {
                    "category": "function",
                    "resourceName": "rnamplify907e7467PostConfirmation",
                    "triggerProvider": "Cognito",
                    "attributes": [
                        "Arn",
                        "Name"
                    ]
                }
            ],
            "customAuth": false
        }
    },
    "function": {
        "rnamplify907e7467PostConfirmation": {
            "build": true,
            "providerPlugin": "awscloudformation",
            "service": "Lambda"
        }
    },
    "api": {
        "registrationapi": {
            "service": "AppSync",
            "providerPlugin": "awscloudformation",
            "output": {
                "authConfig": {
                    "defaultAuthentication": {
                        "authenticationType": "API_KEY",
                        "apiKeyConfig": {
                            "apiKeyExpirationDays": 60,
                            "description": "regapikey"
                        }
                    },
                    "additionalAuthenticationProviders": []
                }
            }
        }
    }
}