{
  "trigger": true,
  "modules": [
    "add-to-group"
  ],
  "parentResource": "rnamplify907e7467",
  "functionName": "rnamplify907e7467PostConfirmation",
  "resourceName": "rnamplify907e7467PostConfirmation",
  "parentStack": "auth",
  "triggerEnvs": [],
  "triggerDir": "C:\\Users\\mavle\\AppData\\Roaming\\npm\\node_modules\\@aws-amplify\\cli\\node_modules\\amplify-category-auth\\provider-utils\\awscloudformation\\utils/../triggers/PostConfirmation",
  "triggerTemplate": "PostConfirmation.json.ejs",
  "roleName": "rnamplify907e7467PostConfirmation",
  "skipEdit": true,
  "GROUP": ""
}