{
    "dev": {
        "awscloudformation": {
            "AuthRoleName": "amplify-rnamplify-dev-205224-authRole",
            "UnauthRoleArn": "arn:aws:iam::227364813086:role/amplify-rnamplify-dev-205224-unauthRole",
            "AuthRoleArn": "arn:aws:iam::227364813086:role/amplify-rnamplify-dev-205224-authRole",
            "Region": "us-east-1",
            "DeploymentBucketName": "amplify-rnamplify-dev-205224-deployment",
            "UnauthRoleName": "amplify-rnamplify-dev-205224-unauthRole",
            "StackName": "amplify-rnamplify-dev-205224",
            "StackId": "arn:aws:cloudformation:us-east-1:227364813086:stack/amplify-rnamplify-dev-205224/86aab0b0-d263-11ea-a7f3-125f4521752f",
            "AmplifyAppId": "d2vyv9othccb37"
        },
        "categories": {
            "auth": {
                "rnamplify907e7467": {}
            },
            "function": {
                "rnamplify907e7467PostConfirmation": {
                    "GROUP": ""
                }
            }
        }
    }
}