{
	"providers": {
		"awscloudformation": {
			"AuthRoleName": "amplify-rnamplify-dev-205224-authRole",
			"UnauthRoleArn": "arn:aws:iam::227364813086:role/amplify-rnamplify-dev-205224-unauthRole",
			"AuthRoleArn": "arn:aws:iam::227364813086:role/amplify-rnamplify-dev-205224-authRole",
			"Region": "us-east-1",
			"DeploymentBucketName": "amplify-rnamplify-dev-205224-deployment",
			"UnauthRoleName": "amplify-rnamplify-dev-205224-unauthRole",
			"StackName": "amplify-rnamplify-dev-205224",
			"StackId": "arn:aws:cloudformation:us-east-1:227364813086:stack/amplify-rnamplify-dev-205224/86aab0b0-d263-11ea-a7f3-125f4521752f",
			"AmplifyAppId": "d2vyv9othccb37"
		}
	},
	"auth": {
		"rnamplify907e7467": {
			"service": "Cognito",
			"providerPlugin": "awscloudformation",
			"dependsOn": [
				{
					"category": "function",
					"resourceName": "rnamplify907e7467PostConfirmation",
					"triggerProvider": "Cognito",
					"attributes": [
						"Arn",
						"Name"
					]
				}
			],
			"providerMetadata": {
				"s3TemplateURL": "https://s3.amazonaws.com/amplify-rnamplify-dev-205224-deployment/amplify-cfn-templates/auth/rnamplify907e7467-cloudformation-template.yml",
				"logicalId": "authrnamplify907e7467"
			},
			"lastPushTimeStamp": "2020-07-31T03:31:49.505Z",
			"output": {
				"AppClientSecret": "asbofjmjpmb4hbhsvl8bske550b8oq96rdbi3lptmnoqmntgdnq",
				"UserPoolId": "us-east-1_sCdZy6vPM",
				"AppClientIDWeb": "5k883b28h0gurtmd1epids67lc",
				"AppClientID": "7ggfiikj39o5t84um5t1s1vnog",
				"IdentityPoolId": "us-east-1:5f01cfc2-44ca-43e0-9344-cb2008770c61",
				"IdentityPoolName": "rnamplify907e7467_identitypool_907e7467__dev",
				"UserPoolName": "rnamplify907e7467_userpool_907e7467"
			},
			"lastPushDirHash": "DOhYWWBPribEYtVIfz81B+gB+0E="
		}
	},
	"function": {
		"rnamplify907e7467PostConfirmation": {
			"build": true,
			"providerPlugin": "awscloudformation",
			"service": "Lambda",
			"lastBuildTimeStamp": "2020-07-31T03:27:33.012Z",
			"lastPackageTimeStamp": "2020-07-31T03:27:33.267Z",
			"distZipFilename": "rnamplify907e7467PostConfirmation-73324276593745377a76-build.zip",
			"providerMetadata": {
				"s3TemplateURL": "https://s3.amazonaws.com/amplify-rnamplify-dev-205224-deployment/amplify-cfn-templates/function/rnamplify907e7467PostConfirmation-cloudformation-template.json",
				"logicalId": "functionrnamplify907e7467PostConfirmation"
			},
			"lastPushTimeStamp": "2020-07-31T03:31:49.505Z",
			"output": {
				"Region": "us-east-1",
				"Arn": "arn:aws:lambda:us-east-1:227364813086:function:rnamplify907e7467PostConfirmation-dev",
				"Name": "rnamplify907e7467PostConfirmation-dev",
				"LambdaExecutionRole": "rnamplify907e7467PostConfirmation-dev"
			},
			"lastPushDirHash": "5klWF5EO3dBzDb02xojRm6/S3QY="
		}
	},
	"api": {
		"registrationapi": {
			"service": "AppSync",
			"providerPlugin": "awscloudformation",
			"output": {
				"authConfig": {
					"defaultAuthentication": {
						"authenticationType": "API_KEY",
						"apiKeyConfig": {
							"apiKeyExpirationDays": 60,
							"description": "regapikey"
						}
					},
					"additionalAuthenticationProviders": []
				},
				"GraphQLAPIIdOutput": "sfwt2z6lirhyhbruqelxa3lnle",
				"GraphQLAPIEndpointOutput": "https://l4b3gtwxobha3hoy5nskvzjela.appsync-api.us-east-1.amazonaws.com/graphql",
				"GraphQLAPIKeyOutput": "da2-a6rfo6xqmfdvxh5dru7zinfdom"
			},
			"providerMetadata": {
				"s3TemplateURL": "https://s3.amazonaws.com/amplify-rnamplify-dev-205224-deployment/amplify-cfn-templates/api/cloudformation-template.json",
				"logicalId": "apiregistrationapi"
			},
			"lastPushTimeStamp": "2020-07-31T03:31:49.505Z",
			"lastPushDirHash": "k1X1qBh+V1cezSAkHsmB6dmvJjo="
		}
	}
}